problem_id,title,difficulty,url
1,Two Sum,Easy,https://leetcode.com/problems/two-sum/
2,Add Two Numbers,Medium,https://leetcode.com/problems/add-two-numbers/
3,Longest Substring Without Repeating Characters,Medium,https://leetcode.com/problems/longest-substring-without-repeating-characters/
4,Median of Two Sorted Arrays,Hard,https://leetcode.com/problems/median-of-two-sorted-arrays/
5,Longest Palindromic Substring,Medium,https://leetcode.com/problems/longest-palindromic-substring/
6,Zigzag Conversion,Medium,https://leetcode.com/problems/zigzag-conversion/
7,Reverse Integer,Medium,https://leetcode.com/problems/reverse-integer/
8,String to Integer (atoi),Medium,https://leetcode.com/problems/string-to-integer-atoi/
9,Palindrome Number,Easy,https://leetcode.com/problems/palindrome-number/
10,Regular Expression Matching,Hard,https://leetcode.com/problems/regular-expression-matching/
11,Container With Most Water,Medium,https://leetcode.com/problems/container-with-most-water/
12,Integer to Roman,Medium,https://leetcode.com/problems/integer-to-roman/
13,Roman to Integer,Easy,https://leetcode.com/problems/roman-to-integer/
14,Longest Common Prefix,Easy,https://leetcode.com/problems/longest-common-prefix/
15,3Sum,Medium,https://leetcode.com/problems/3sum/
16,3Sum Closest,Medium,https://leetcode.com/problems/3sum-closest/
17,Letter Combinations of a Phone Number,Medium,https://leetcode.com/problems/letter-combinations-of-a-phone-number/
18,4Sum,Medium,https://leetcode.com/problems/4sum/
19,Remove Nth Node From End of List,Medium,https://leetcode.com/problems/remove-nth-node-from-end-of-list/
20,Valid Parentheses,Easy,https://leetcode.com/problems/valid-parentheses/
21,Merge Two Sorted Lists,Easy,https://leetcode.com/problems/merge-two-sorted-lists/
22,Generate Parentheses,Medium,https://leetcode.com/problems/generate-parentheses/
23,Merge k Sorted Lists,Hard,https://leetcode.com/problems/merge-k-sorted-lists/
24,Swap Nodes in Pairs,Medium,https://leetcode.com/problems/swap-nodes-in-pairs/
25,Reverse Nodes in k-Group,Hard,https://leetcode.com/problems/reverse-nodes-in-k-group/
26,Remove Duplicates from Sorted Array,Easy,https://leetcode.com/problems/remove-duplicates-from-sorted-array/
27,Remove Element,Easy,https://leetcode.com/problems/remove-element/
28,Find the Index of the First Occurrence in a String,Easy,https://leetcode.com/problems/find-the-index-of-the-first-occurrence-in-a-string/
29,Divide Two Integers,Medium,https://leetcode.com/problems/divide-two-integers/
31,Next Permutation,Medium,https://leetcode.com/problems/next-permutation/
32,Longest Valid Parentheses,Hard,https://leetcode.com/problems/longest-valid-parentheses/
33,Search in Rotated Sorted Array,Medium,https://leetcode.com/problems/search-in-rotated-sorted-array/
34,Find First and Last Position of Element in Sorted Array,Medium,https://leetcode.com/problems/find-first-and-last-position-of-element-in-sorted-array/
35,Search Insert Position,Easy,https://leetcode.com/problems/search-insert-position/
36,Valid Sudoku,Medium,https://leetcode.com/problems/valid-sudoku/
37,Sudoku Solver,Hard,https://leetcode.com/problems/sudoku-solver/
39,Combination Sum,Medium,https://leetcode.com/problems/combination-sum/
40,Combination Sum II,Medium,https://leetcode.com/problems/combination-sum-ii/
41,First Missing Positive,Hard,https://leetcode.com/problems/first-missing-positive/
42,Trapping Rain Water,Hard,https://leetcode.com/problems/trapping-rain-water/
43,Multiply Strings,Medium,https://leetcode.com/problems/multiply-strings/
44,Wildcard Matching,Hard,https://leetcode.com/problems/wildcard-matching/
45,Jump Game II,Medium,https://leetcode.com/problems/jump-game-ii/
46,Permutations,Medium,https://leetcode.com/problems/permutations/
47,Permutations II,Medium,https://leetcode.com/problems/permutations-ii/
48,Rotate Image,Medium,https://leetcode.com/problems/rotate-image/
49,Group Anagrams,Medium,https://leetcode.com/problems/group-anagrams/
50,"Pow(x, n)",Medium,https://leetcode.com/problems/powx-n/
51,N-Queens,Hard,https://leetcode.com/problems/n-queens/
53,Maximum Subarray,Medium,https://leetcode.com/problems/maximum-subarray/
54,Spiral Matrix,Medium,https://leetcode.com/problems/spiral-matrix/
55,Jump Game,Medium,https://leetcode.com/problems/jump-game/
56,Merge Intervals,Medium,https://leetcode.com/problems/merge-intervals/
57,Insert Interval,Medium,https://leetcode.com/problems/insert-interval/
58,Length of Last Word,Easy,https://leetcode.com/problems/length-of-last-word/
60,Permutation Sequence,Hard,https://leetcode.com/problems/permutation-sequence/
61,Rotate List,Medium,https://leetcode.com/problems/rotate-list/
62,Unique Paths,Medium,https://leetcode.com/problems/unique-paths/
63,Unique Paths II,Medium,https://leetcode.com/problems/unique-paths-ii/
64,Minimum Path Sum,Medium,https://leetcode.com/problems/minimum-path-sum/
66,Plus One,Easy,https://leetcode.com/problems/plus-one/
67,Add Binary,Easy,https://leetcode.com/problems/add-binary/
68,Text Justification,Hard,https://leetcode.com/problems/text-justification/
69,Sqrt(x),Easy,https://leetcode.com/problems/sqrtx/
70,Climbing Stairs,Easy,https://leetcode.com/problems/climbing-stairs/
72,Edit Distance,Medium,https://leetcode.com/problems/edit-distance/
73,Set Matrix Zeroes,Medium,https://leetcode.com/problems/set-matrix-zeroes/
74,Search a 2D Matrix,Medium,https://leetcode.com/problems/search-a-2d-matrix/
75,Sort Colors,Medium,https://leetcode.com/problems/sort-colors/
76,Minimum Window Substring,Hard,https://leetcode.com/problems/minimum-window-substring/
77,Combinations,Medium,https://leetcode.com/problems/combinations/
78,Subsets,Medium,https://leetcode.com/problems/subsets/
79,Word Search,Medium,https://leetcode.com/problems/word-search/
80,Remove Duplicates from Sorted Array II,Medium,https://leetcode.com/problems/remove-duplicates-from-sorted-array-ii/
81,Search in Rotated Sorted Array II,Medium,https://leetcode.com/problems/search-in-rotated-sorted-array-ii/
82,Remove Duplicates from Sorted List II,Medium,https://leetcode.com/problems/remove-duplicates-from-sorted-list-ii/
83,Remove Duplicates from Sorted List,Easy,https://leetcode.com/problems/remove-duplicates-from-sorted-list/
84,Largest Rectangle in Histogram,Hard,https://leetcode.com/problems/largest-rectangle-in-histogram/
85,Maximal Rectangle,Hard,https://leetcode.com/problems/maximal-rectangle/
86,Partition List,Medium,https://leetcode.com/problems/partition-list/
88,Merge Sorted Array,Easy,https://leetcode.com/problems/merge-sorted-array/
91,Decode Ways,Medium,https://leetcode.com/problems/decode-ways/
92,Reverse Linked List II,Medium,https://leetcode.com/problems/reverse-linked-list-ii/
93,Restore IP Addresses,Medium,https://leetcode.com/problems/restore-ip-addresses/
94,Binary Tree Inorder Traversal,Easy,https://leetcode.com/problems/binary-tree-inorder-traversal/
96,Unique Binary Search Trees,Medium,https://leetcode.com/problems/unique-binary-search-trees/
98,Validate Binary Search Tree,Medium,https://leetcode.com/problems/validate-binary-search-tree/
100,Same Tree,Easy,https://leetcode.com/problems/same-tree/
101,Symmetric Tree,Easy,https://leetcode.com/problems/symmetric-tree/
102,Binary Tree Level Order Traversal,Medium,https://leetcode.com/problems/binary-tree-level-order-traversal/
103,Binary Tree Zigzag Level Order Traversal,Medium,https://leetcode.com/problems/binary-tree-zigzag-level-order-traversal/
104,Maximum Depth of Binary Tree,Easy,https://leetcode.com/problems/maximum-depth-of-binary-tree/
105,Construct Binary Tree from Preorder and Inorder Traversal,Medium,https://leetcode.com/problems/construct-binary-tree-from-preorder-and-inorder-traversal/
114,Flatten Binary Tree to Linked List,Medium,https://leetcode.com/problems/flatten-binary-tree-to-linked-list/
116,Populating Next Right Pointers in Each Node,Medium,https://leetcode.com/problems/populating-next-right-pointers-in-each-node/
118,Pascal's Triangle,Easy,https://leetcode.com/problems/pascals-triangle/
119,Pascal's Triangle II,Easy,https://leetcode.com/problems/pascals-triangle-ii/
120,Triangle,Medium,https://leetcode.com/problems/triangle/
121,Best Time to Buy and Sell Stock,Easy,https://leetcode.com/problems/best-time-to-buy-and-sell-stock/
122,Best Time to Buy and Sell Stock II,Medium,https://leetcode.com/problems/best-time-to-buy-and-sell-stock-ii/
123,Best Time to Buy and Sell Stock III,Hard,https://leetcode.com/problems/best-time-to-buy-and-sell-stock-iii/
124,Binary Tree Maximum Path Sum,Hard,https://leetcode.com/problems/binary-tree-maximum-path-sum/
125,Valid Palindrome,Easy,https://leetcode.com/problems/valid-palindrome/
126,Word Ladder II,Hard,https://leetcode.com/problems/word-ladder-ii/
127,Word Ladder,Hard,https://leetcode.com/problems/word-ladder/
128,Longest Consecutive Sequence,Medium,https://leetcode.com/problems/longest-consecutive-sequence/
130,Surrounded Regions,Medium,https://leetcode.com/problems/surrounded-regions/
133,Clone Graph,Medium,https://leetcode.com/problems/clone-graph/
134,Gas Station,Medium,https://leetcode.com/problems/gas-station/
136,Single Number,Easy,https://leetcode.com/problems/single-number/
138,Copy List with Random Pointer,Medium,https://leetcode.com/problems/copy-list-with-random-pointer/
139,Word Break,Medium,https://leetcode.com/problems/word-break/
141,Linked List Cycle,Easy,https://leetcode.com/problems/linked-list-cycle/
146,LRU Cache,Medium,https://leetcode.com/problems/lru-cache/
148,Sort List,Medium,https://leetcode.com/problems/sort-list/
150,Evaluate Reverse Polish Notation,Medium,https://leetcode.com/problems/evaluate-reverse-polish-notation/
151,Reverse Words in a String,Medium,https://leetcode.com/problems/reverse-words-in-a-string/
152,Maximum Product Subarray,Medium,https://leetcode.com/problems/maximum-product-subarray/
153,Find Minimum in Rotated Sorted Array,Medium,https://leetcode.com/problems/find-minimum-in-rotated-sorted-array/
155,Min Stack,Medium,https://leetcode.com/problems/min-stack/
160,Intersection of Two Linked Lists,Easy,https://leetcode.com/problems/intersection-of-two-linked-lists/
162,Find Peak Element,Medium,https://leetcode.com/problems/find-peak-element/
164,Maximum Gap,Medium,https://leetcode.com/problems/maximum-gap/
166,Fraction to Recurring Decimal,Medium,https://leetcode.com/problems/fraction-to-recurring-decimal/
167,Two Sum II - Input Array Is Sorted,Medium,https://leetcode.com/problems/two-sum-ii-input-array-is-sorted/
168,Excel Sheet Column Title,Easy,https://leetcode.com/problems/excel-sheet-column-title/
169,Majority Element,Easy,https://leetcode.com/problems/majority-element/
175,Combine Two Tables,Easy,https://leetcode.com/problems/combine-two-tables/
176,Second Highest Salary,Medium,https://leetcode.com/problems/second-highest-salary/
179,Largest Number,Medium,https://leetcode.com/problems/largest-number/
189,Rotate Array,Medium,https://leetcode.com/problems/rotate-array/
191,Number of 1 Bits,Easy,https://leetcode.com/problems/number-of-1-bits/
197,Rising Temperature,Easy,https://leetcode.com/problems/rising-temperature/
198,House Robber,Medium,https://leetcode.com/problems/house-robber/
199,Binary Tree Right Side View,Medium,https://leetcode.com/problems/binary-tree-right-side-view/
200,Number of Islands,Medium,https://leetcode.com/problems/number-of-islands/
202,Happy Number,Easy,https://leetcode.com/problems/happy-number/
203,Remove Linked List Elements,Easy,https://leetcode.com/problems/remove-linked-list-elements/
204,Count Primes,Medium,https://leetcode.com/problems/count-primes/
205,Isomorphic Strings,Easy,https://leetcode.com/problems/isomorphic-strings/
206,Reverse Linked List,Easy,https://leetcode.com/problems/reverse-linked-list/
207,Course Schedule,Medium,https://leetcode.com/problems/course-schedule/
209,Minimum Size Subarray Sum,Medium,https://leetcode.com/problems/minimum-size-subarray-sum/
210,Course Schedule II,Medium,https://leetcode.com/problems/course-schedule-ii/
211,Design Add and Search Words Data Structure,Medium,https://leetcode.com/problems/design-add-and-search-words-data-structure/
213,House Robber II,Medium,https://leetcode.com/problems/house-robber-ii/
214,Shortest Palindrome,Hard,https://leetcode.com/problems/shortest-palindrome/
215,Kth Largest Element in an Array,Medium,https://leetcode.com/problems/kth-largest-element-in-an-array/
216,Combination Sum III,Medium,https://leetcode.com/problems/combination-sum-iii/
217,Contains Duplicate,Easy,https://leetcode.com/problems/contains-duplicate/
219,Contains Duplicate II,Easy,https://leetcode.com/problems/contains-duplicate-ii/
221,Maximal Square,Medium,https://leetcode.com/problems/maximal-square/
222,Count Complete Tree Nodes,Easy,https://leetcode.com/problems/count-complete-tree-nodes/
224,Basic Calculator,Hard,https://leetcode.com/problems/basic-calculator/
225,Implement Stack using Queues,Easy,https://leetcode.com/problems/implement-stack-using-queues/
226,Invert Binary Tree,Easy,https://leetcode.com/problems/invert-binary-tree/
227,Basic Calculator II,Medium,https://leetcode.com/problems/basic-calculator-ii/
228,Summary Ranges,Easy,https://leetcode.com/problems/summary-ranges/
229,Majority Element II,Medium,https://leetcode.com/problems/majority-element-ii/
230,Kth Smallest Element in a BST,Medium,https://leetcode.com/problems/kth-smallest-element-in-a-bst/
231,Power of Two,Easy,https://leetcode.com/problems/power-of-two/
232,Implement Queue using Stacks,Easy,https://leetcode.com/problems/implement-queue-using-stacks/
234,Palindrome Linked List,Easy,https://leetcode.com/problems/palindrome-linked-list/
235,Lowest Common Ancestor of a Binary Search Tree,Medium,https://leetcode.com/problems/lowest-common-ancestor-of-a-binary-search-tree/
236,Lowest Common Ancestor of a Binary Tree,Medium,https://leetcode.com/problems/lowest-common-ancestor-of-a-binary-tree/
238,Product of Array Except Self,Medium,https://leetcode.com/problems/product-of-array-except-self/
239,Sliding Window Maximum,Hard,https://leetcode.com/problems/sliding-window-maximum/
240,Search a 2D Matrix II,Medium,https://leetcode.com/problems/search-a-2d-matrix-ii/
241,Different Ways to Add Parentheses,Medium,https://leetcode.com/problems/different-ways-to-add-parentheses/
242,Valid Anagram,Easy,https://leetcode.com/problems/valid-anagram/
249,Group Shifted Strings,Medium,https://leetcode.com/problems/group-shifted-strings/
253,Meeting Rooms II,Medium,https://leetcode.com/problems/meeting-rooms-ii/
258,Add Digits,Easy,https://leetcode.com/problems/add-digits/
260,Single Number III,Medium,https://leetcode.com/problems/single-number-iii/
261,Graph Valid Tree,Medium,https://leetcode.com/problems/graph-valid-tree/
263,Ugly Number,Easy,https://leetcode.com/problems/ugly-number/
268,Missing Number,Easy,https://leetcode.com/problems/missing-number/
269,Alien Dictionary,Hard,https://leetcode.com/problems/alien-dictionary/
271,Encode and Decode Strings,Medium,https://leetcode.com/problems/encode-and-decode-strings/
273,Integer to English Words,Hard,https://leetcode.com/problems/integer-to-english-words/
274,H-Index,Medium,https://leetcode.com/problems/h-index/
278,First Bad Version,Easy,https://leetcode.com/problems/first-bad-version/
280,Wiggle Sort,Medium,https://leetcode.com/problems/wiggle-sort/
282,Expression Add Operators,Hard,https://leetcode.com/problems/expression-add-operators/
283,Move Zeroes,Easy,https://leetcode.com/problems/move-zeroes/
287,Find the Duplicate Number,Medium,https://leetcode.com/problems/find-the-duplicate-number/
295,Find Median from Data Stream,Hard,https://leetcode.com/problems/find-median-from-data-stream/
299,Bulls and Cows,Medium,https://leetcode.com/problems/bulls-and-cows/
300,Longest Increasing Subsequence,Medium,https://leetcode.com/problems/longest-increasing-subsequence/
301,Remove Invalid Parentheses,Hard,https://leetcode.com/problems/remove-invalid-parentheses/
303,Range Sum Query - Immutable,Easy,https://leetcode.com/problems/range-sum-query-immutable/
308,Range Sum Query 2D - Mutable,Medium,https://leetcode.com/problems/range-sum-query-2d-mutable/
309,Best Time to Buy and Sell Stock with Cooldown,Medium,https://leetcode.com/problems/best-time-to-buy-and-sell-stock-with-cooldown/
310,Minimum Height Trees,Medium,https://leetcode.com/problems/minimum-height-trees/
312,Burst Balloons,Hard,https://leetcode.com/problems/burst-balloons/
314,Binary Tree Vertical Order Traversal,Medium,https://leetcode.com/problems/binary-tree-vertical-order-traversal/
315,Count of Smaller Numbers After Self,Hard,https://leetcode.com/problems/count-of-smaller-numbers-after-self/
317,Shortest Distance from All Buildings,Hard,https://leetcode.com/problems/shortest-distance-from-all-buildings/
322,Coin Change,Medium,https://leetcode.com/problems/coin-change/
328,Odd Even Linked List,Medium,https://leetcode.com/problems/odd-even-linked-list/
329,Longest Increasing Path in a Matrix,Hard,https://leetcode.com/problems/longest-increasing-path-in-a-matrix/
332,Reconstruct Itinerary,Hard,https://leetcode.com/problems/reconstruct-itinerary/
334,Increasing Triplet Subsequence,Medium,https://leetcode.com/problems/increasing-triplet-subsequence/
337,House Robber III,Medium,https://leetcode.com/problems/house-robber-iii/
341,Flatten Nested List Iterator,Medium,https://leetcode.com/problems/flatten-nested-list-iterator/
344,Reverse String,Easy,https://leetcode.com/problems/reverse-string/
346,Moving Average from Data Stream,Easy,https://leetcode.com/problems/moving-average-from-data-stream/
347,Top K Frequent Elements,Medium,https://leetcode.com/problems/top-k-frequent-elements/
349,Intersection of Two Arrays,Easy,https://leetcode.com/problems/intersection-of-two-arrays/
351,Android Unlock Patterns,Medium,https://leetcode.com/problems/android-unlock-patterns/
354,Russian Doll Envelopes,Hard,https://leetcode.com/problems/russian-doll-envelopes/
360,Sort Transformed Array,Medium,https://leetcode.com/problems/sort-transformed-array/
362,Design Hit Counter,Medium,https://leetcode.com/problems/design-hit-counter/
364,Nested List Weight Sum II,Medium,https://leetcode.com/problems/nested-list-weight-sum-ii/
366,Find Leaves of Binary Tree,Medium,https://leetcode.com/problems/find-leaves-of-binary-tree/
367,Valid Perfect Square,Easy,https://leetcode.com/problems/valid-perfect-square/
377,Combination Sum IV,Medium,https://leetcode.com/problems/combination-sum-iv/
380,Insert Delete GetRandom O(1),Medium,https://leetcode.com/problems/insert-delete-getrandom-o1/
382,Linked List Random Node,Medium,https://leetcode.com/problems/linked-list-random-node/
383,Ransom Note,Easy,https://leetcode.com/problems/ransom-note/
386,Lexicographical Numbers,Medium,https://leetcode.com/problems/lexicographical-numbers/
387,First Unique Character in a String,Easy,https://leetcode.com/problems/first-unique-character-in-a-string/
389,Find the Difference,Easy,https://leetcode.com/problems/find-the-difference/
390,Elimination Game,Medium,https://leetcode.com/problems/elimination-game/
392,Is Subsequence,Easy,https://leetcode.com/problems/is-subsequence/
394,Decode String,Medium,https://leetcode.com/problems/decode-string/
395,Longest Substring with At Least K Repeating Characters,Medium,https://leetcode.com/problems/longest-substring-with-at-least-k-repeating-characters/
409,Longest Palindrome,Easy,https://leetcode.com/problems/longest-palindrome/
410,Split Array Largest Sum,Hard,https://leetcode.com/problems/split-array-largest-sum/
412,Fizz Buzz,Easy,https://leetcode.com/problems/fizz-buzz/
414,Third Maximum Number,Easy,https://leetcode.com/problems/third-maximum-number/
415,Add Strings,Easy,https://leetcode.com/problems/add-strings/
416,Partition Equal Subset Sum,Medium,https://leetcode.com/problems/partition-equal-subset-sum/
417,Pacific Atlantic Water Flow,Medium,https://leetcode.com/problems/pacific-atlantic-water-flow/
423,Reconstruct Original Digits from English,Medium,https://leetcode.com/problems/reconstruct-original-digits-from-english/
424,Longest Repeating Character Replacement,Medium,https://leetcode.com/problems/longest-repeating-character-replacement/
430,Flatten a Multilevel Doubly Linked List,Medium,https://leetcode.com/problems/flatten-a-multilevel-doubly-linked-list/
432,All O`one Data Structure,Hard,https://leetcode.com/problems/all-oone-data-structure/
433,Minimum Genetic Mutation,Medium,https://leetcode.com/problems/minimum-genetic-mutation/
438,Find All Anagrams in a String,Medium,https://leetcode.com/problems/find-all-anagrams-in-a-string/
440,K-th Smallest in Lexicographical Order,Hard,https://leetcode.com/problems/k-th-smallest-in-lexicographical-order/
442,Find All Duplicates in an Array,Medium,https://leetcode.com/problems/find-all-duplicates-in-an-array/
443,String Compression,Medium,https://leetcode.com/problems/string-compression/
446,Arithmetic Slices II - Subsequence,Hard,https://leetcode.com/problems/arithmetic-slices-ii-subsequence/
451,Sort Characters By Frequency,Medium,https://leetcode.com/problems/sort-characters-by-frequency/
453,Minimum Moves to Equal Array Elements,Medium,https://leetcode.com/problems/minimum-moves-to-equal-array-elements/
459,Repeated Substring Pattern,Easy,https://leetcode.com/problems/repeated-substring-pattern/
486,Predict the Winner,Medium,https://leetcode.com/problems/predict-the-winner/
489,Robot Room Cleaner,Hard,https://leetcode.com/problems/robot-room-cleaner/
493,Reverse Pairs,Hard,https://leetcode.com/problems/reverse-pairs/
496,Next Greater Element I,Easy,https://leetcode.com/problems/next-greater-element-i/
506,Relative Ranks,Easy,https://leetcode.com/problems/relative-ranks/
509,Fibonacci Number,Easy,https://leetcode.com/problems/fibonacci-number/
518,Coin Change II,Medium,https://leetcode.com/problems/coin-change-ii/
523,Continuous Subarray Sum,Medium,https://leetcode.com/problems/continuous-subarray-sum/
525,Contiguous Array,Medium,https://leetcode.com/problems/contiguous-array/
528,Random Pick with Weight,Medium,https://leetcode.com/problems/random-pick-with-weight/
539,Minimum Time Difference,Medium,https://leetcode.com/problems/minimum-time-difference/
540,Single Element in a Sorted Array,Medium,https://leetcode.com/problems/single-element-in-a-sorted-array/
542,01 Matrix,Medium,https://leetcode.com/problems/01-matrix/
543,Diameter of Binary Tree,Easy,https://leetcode.com/problems/diameter-of-binary-tree/
546,Remove Boxes,Hard,https://leetcode.com/problems/remove-boxes/
547,Number of Provinces,Medium,https://leetcode.com/problems/number-of-provinces/
550,Game Play Analysis IV,Medium,https://leetcode.com/problems/game-play-analysis-iv/
552,Student Attendance Record II,Hard,https://leetcode.com/problems/student-attendance-record-ii/
560,Subarray Sum Equals K,Medium,https://leetcode.com/problems/subarray-sum-equals-k/
567,Permutation in String,Medium,https://leetcode.com/problems/permutation-in-string/
570,Managers with at Least 5 Direct Reports,Medium,https://leetcode.com/problems/managers-with-at-least-5-direct-reports/
572,Subtree of Another Tree,Easy,https://leetcode.com/problems/subtree-of-another-tree/
577,Employee Bonus,Easy,https://leetcode.com/problems/employee-bonus/
581,Shortest Unsorted Continuous Subarray,Medium,https://leetcode.com/problems/shortest-unsorted-continuous-subarray/
584,Find Customer Referee,Easy,https://leetcode.com/problems/find-customer-referee/
586,Customer Placing the Largest Number of Orders,Easy,https://leetcode.com/problems/customer-placing-the-largest-number-of-orders/
595,Big Countries,Easy,https://leetcode.com/problems/big-countries/
605,Can Place Flowers,Easy,https://leetcode.com/problems/can-place-flowers/
617,Merge Two Binary Trees,Easy,https://leetcode.com/problems/merge-two-binary-trees/
620,Not Boring Movies,Easy,https://leetcode.com/problems/not-boring-movies/
621,Task Scheduler,Medium,https://leetcode.com/problems/task-scheduler/
632,Smallest Range Covering Elements from K Lists,Hard,https://leetcode.com/problems/smallest-range-covering-elements-from-k-lists/
636,Exclusive Time of Functions,Medium,https://leetcode.com/problems/exclusive-time-of-functions/
641,Design Circular Deque,Medium,https://leetcode.com/problems/design-circular-deque/
642,Design Search Autocomplete System,Hard,https://leetcode.com/problems/design-search-autocomplete-system/
643,Maximum Average Subarray I,Easy,https://leetcode.com/problems/maximum-average-subarray-i/
652,Find Duplicate Subtrees,Medium,https://leetcode.com/problems/find-duplicate-subtrees/
658,Find K Closest Elements,Medium,https://leetcode.com/problems/find-k-closest-elements/
670,Maximum Swap,Medium,https://leetcode.com/problems/maximum-swap/
678,Valid Parenthesis String,Medium,https://leetcode.com/problems/valid-parenthesis-string/
679,24 Game,Hard,https://leetcode.com/problems/24-game/
680,Valid Palindrome II,Easy,https://leetcode.com/problems/valid-palindrome-ii/
681,Next Closest Time,Medium,https://leetcode.com/problems/next-closest-time/
682,Baseball Game,Easy,https://leetcode.com/problems/baseball-game/
684,Redundant Connection,Medium,https://leetcode.com/problems/redundant-connection/
686,Repeated String Match,Medium,https://leetcode.com/problems/repeated-string-match/
695,Max Area of Island,Medium,https://leetcode.com/problems/max-area-of-island/
703,Kth Largest Element in a Stream,Easy,https://leetcode.com/problems/kth-largest-element-in-a-stream/
704,Binary Search,Easy,https://leetcode.com/problems/binary-search/
706,Design HashMap,Easy,https://leetcode.com/problems/design-hashmap/
709,To Lower Case,Easy,https://leetcode.com/problems/to-lower-case/
713,Subarray Product Less Than K,Medium,https://leetcode.com/problems/subarray-product-less-than-k/
715,Range Module,Hard,https://leetcode.com/problems/range-module/
721,Accounts Merge,Medium,https://leetcode.com/problems/accounts-merge/
724,Find Pivot Index,Easy,https://leetcode.com/problems/find-pivot-index/
725,Split Linked List in Parts,Medium,https://leetcode.com/problems/split-linked-list-in-parts/
727,Minimum Window Subsequence,Hard,https://leetcode.com/problems/minimum-window-subsequence/
729,My Calendar I,Medium,https://leetcode.com/problems/my-calendar-i/
731,My Calendar II,Medium,https://leetcode.com/problems/my-calendar-ii/
735,Asteroid Collision,Medium,https://leetcode.com/problems/asteroid-collision/
739,Daily Temperatures,Medium,https://leetcode.com/problems/daily-temperatures/
741,Cherry Pickup,Hard,https://leetcode.com/problems/cherry-pickup/
743,Network Delay Time,Medium,https://leetcode.com/problems/network-delay-time/
746,Min Cost Climbing Stairs,Easy,https://leetcode.com/problems/min-cost-climbing-stairs/
767,Reorganize String,Medium,https://leetcode.com/problems/reorganize-string/
771,Jewels and Stones,Easy,https://leetcode.com/problems/jewels-and-stones/
772,Basic Calculator III,Hard,https://leetcode.com/problems/basic-calculator-iii/
773,Sliding Puzzle,Hard,https://leetcode.com/problems/sliding-puzzle/
777,Swap Adjacent in LR String,Medium,https://leetcode.com/problems/swap-adjacent-in-lr-string/
779,K-th Symbol in Grammar,Medium,https://leetcode.com/problems/k-th-symbol-in-grammar/
785,Is Graph Bipartite?,Medium,https://leetcode.com/problems/is-graph-bipartite/
796,Rotate String,Easy,https://leetcode.com/problems/rotate-string/
810,Chalkboard XOR Game,Hard,https://leetcode.com/problems/chalkboard-xor-game/
815,Bus Routes,Hard,https://leetcode.com/problems/bus-routes/
818,Race Car,Hard,https://leetcode.com/problems/race-car/
821,Shortest Distance to a Character,Easy,https://leetcode.com/problems/shortest-distance-to-a-character/
833,Find And Replace in String,Medium,https://leetcode.com/problems/find-and-replace-in-string/
843,Guess the Word,Hard,https://leetcode.com/problems/guess-the-word/
844,Backspace String Compare,Easy,https://leetcode.com/problems/backspace-string-compare/
852,Peak Index in a Mountain Array,Medium,https://leetcode.com/problems/peak-index-in-a-mountain-array/
856,Score of Parentheses,Medium,https://leetcode.com/problems/score-of-parentheses/
860,Lemonade Change,Easy,https://leetcode.com/problems/lemonade-change/
862,Shortest Subarray with Sum at Least K,Hard,https://leetcode.com/problems/shortest-subarray-with-sum-at-least-k/
863,All Nodes Distance K in Binary Tree,Medium,https://leetcode.com/problems/all-nodes-distance-k-in-binary-tree/
866,Prime Palindrome,Medium,https://leetcode.com/problems/prime-palindrome/
867,Transpose Matrix,Easy,https://leetcode.com/problems/transpose-matrix/
875,Koko Eating Bananas,Medium,https://leetcode.com/problems/koko-eating-bananas/
876,Middle of the Linked List,Easy,https://leetcode.com/problems/middle-of-the-linked-list/
884,Uncommon Words from Two Sentences,Easy,https://leetcode.com/problems/uncommon-words-from-two-sentences/
888,Fair Candy Swap,Easy,https://leetcode.com/problems/fair-candy-swap/
900,RLE Iterator,Medium,https://leetcode.com/problems/rle-iterator/
901,Online Stock Span,Medium,https://leetcode.com/problems/online-stock-span/
904,Fruit Into Baskets,Medium,https://leetcode.com/problems/fruit-into-baskets/
905,Sort Array By Parity,Easy,https://leetcode.com/problems/sort-array-by-parity/
921,Minimum Add to Make Parentheses Valid,Medium,https://leetcode.com/problems/minimum-add-to-make-parentheses-valid/
929,Unique Email Addresses,Easy,https://leetcode.com/problems/unique-email-addresses/
930,Binary Subarrays With Sum,Medium,https://leetcode.com/problems/binary-subarrays-with-sum/
938,Range Sum of BST,Easy,https://leetcode.com/problems/range-sum-of-bst/
939,Minimum Area Rectangle,Medium,https://leetcode.com/problems/minimum-area-rectangle/
946,Validate Stack Sequences,Medium,https://leetcode.com/problems/validate-stack-sequences/
962,Maximum Width Ramp,Medium,https://leetcode.com/problems/maximum-width-ramp/
973,K Closest Points to Origin,Medium,https://leetcode.com/problems/k-closest-points-to-origin/
974,Subarray Sums Divisible by K,Medium,https://leetcode.com/problems/subarray-sums-divisible-by-k/
975,Odd Even Jump,Hard,https://leetcode.com/problems/odd-even-jump/
977,Squares of a Sorted Array,Easy,https://leetcode.com/problems/squares-of-a-sorted-array/
981,Time Based Key-Value Store,Medium,https://leetcode.com/problems/time-based-key-value-store/
983,Minimum Cost For Tickets,Medium,https://leetcode.com/problems/minimum-cost-for-tickets/
986,Interval List Intersections,Medium,https://leetcode.com/problems/interval-list-intersections/
987,Vertical Order Traversal of a Binary Tree,Hard,https://leetcode.com/problems/vertical-order-traversal-of-a-binary-tree/
992,Subarrays with K Different Integers,Hard,https://leetcode.com/problems/subarrays-with-k-different-integers/
994,Rotting Oranges,Medium,https://leetcode.com/problems/rotting-oranges/
997,Find the Town Judge,Easy,https://leetcode.com/problems/find-the-town-judge/
1004,Max Consecutive Ones III,Medium,https://leetcode.com/problems/max-consecutive-ones-iii/
1007,Minimum Domino Rotations For Equal Row,Medium,https://leetcode.com/problems/minimum-domino-rotations-for-equal-row/
1011,Capacity To Ship Packages Within D Days,Medium,https://leetcode.com/problems/capacity-to-ship-packages-within-d-days/
1043,Partition Array for Maximum Sum,Medium,https://leetcode.com/problems/partition-array-for-maximum-sum/
1046,Last Stone Weight,Easy,https://leetcode.com/problems/last-stone-weight/
1047,Remove All Adjacent Duplicates In String,Easy,https://leetcode.com/problems/remove-all-adjacent-duplicates-in-string/
1068,Product Sales Analysis I,Easy,https://leetcode.com/problems/product-sales-analysis-i/
1071,Greatest Common Divisor of Strings,Easy,https://leetcode.com/problems/greatest-common-divisor-of-strings/
1072,Flip Columns For Maximum Number of Equal Rows,Medium,https://leetcode.com/problems/flip-columns-for-maximum-number-of-equal-rows/
1089,Duplicate Zeros,Easy,https://leetcode.com/problems/duplicate-zeros/
1101,The Earliest Moment When Everyone Become Friends,Medium,https://leetcode.com/problems/the-earliest-moment-when-everyone-become-friends/
1105,Filling Bookcase Shelves,Medium,https://leetcode.com/problems/filling-bookcase-shelves/
1106,Parsing A Boolean Expression,Hard,https://leetcode.com/problems/parsing-a-boolean-expression/
1110,Delete Nodes And Return Forest,Medium,https://leetcode.com/problems/delete-nodes-and-return-forest/
1136,Parallel Courses,Medium,https://leetcode.com/problems/parallel-courses/
1143,Longest Common Subsequence,Medium,https://leetcode.com/problems/longest-common-subsequence/
1146,Snapshot Array,Medium,https://leetcode.com/problems/snapshot-array/
1148,Article Views I,Easy,https://leetcode.com/problems/article-views-i/
1155,Number of Dice Rolls With Target Sum,Medium,https://leetcode.com/problems/number-of-dice-rolls-with-target-sum/
1174,Immediate Food Delivery II,Medium,https://leetcode.com/problems/immediate-food-delivery-ii/
1185,Day of the Week,Easy,https://leetcode.com/problems/day-of-the-week/
1192,Critical Connections in a Network,Hard,https://leetcode.com/problems/critical-connections-in-a-network/
1193,Monthly Transactions I,Medium,https://leetcode.com/problems/monthly-transactions-i/
1207,Unique Number of Occurrences,Easy,https://leetcode.com/problems/unique-number-of-occurrences/
1218,Longest Arithmetic Subsequence of Given Difference,Medium,https://leetcode.com/problems/longest-arithmetic-subsequence-of-given-difference/
1229,Meeting Scheduler,Medium,https://leetcode.com/problems/meeting-scheduler/
1233,Remove Sub-Folders from the Filesystem,Medium,https://leetcode.com/problems/remove-sub-folders-from-the-filesystem/
1248,Count Number of Nice Subarrays,Medium,https://leetcode.com/problems/count-number-of-nice-subarrays/
1249,Minimum Remove to Make Valid Parentheses,Medium,https://leetcode.com/problems/minimum-remove-to-make-valid-parentheses/
1251,Average Selling Price,Easy,https://leetcode.com/problems/average-selling-price/
1275,Find Winner on a Tic Tac Toe Game,Easy,https://leetcode.com/problems/find-winner-on-a-tic-tac-toe-game/
1277,Count Square Submatrices with All Ones,Medium,https://leetcode.com/problems/count-square-submatrices-with-all-ones/
1290,Convert Binary Number in a Linked List to Integer,Easy,https://leetcode.com/problems/convert-binary-number-in-a-linked-list-to-integer/
1310,XOR Queries of a Subarray,Medium,https://leetcode.com/problems/xor-queries-of-a-subarray/
1331,Rank Transform of an Array,Easy,https://leetcode.com/problems/rank-transform-of-an-array/
1334,Find the City With the Smallest Number of Neighbors at a Threshold Distance,Medium,https://leetcode.com/problems/find-the-city-with-the-smallest-number-of-neighbors-at-a-threshold-distance/
1342,Number of Steps to Reduce a Number to Zero,Easy,https://leetcode.com/problems/number-of-steps-to-reduce-a-number-to-zero/
1346,Check If N and Its Double Exist,Easy,https://leetcode.com/problems/check-if-n-and-its-double-exist/
1347,Minimum Number of Steps to Make Two Strings Anagram,Medium,https://leetcode.com/problems/minimum-number-of-steps-to-make-two-strings-anagram/
1348,Tweet Counts Per Frequency,Medium,https://leetcode.com/problems/tweet-counts-per-frequency/
1358,Number of Substrings Containing All Three Characters,Medium,https://leetcode.com/problems/number-of-substrings-containing-all-three-characters/
1367,Linked List in Binary Tree,Medium,https://leetcode.com/problems/linked-list-in-binary-tree/
1371,Find the Longest Substring Containing Vowels in Even Counts,Medium,https://leetcode.com/problems/find-the-longest-substring-containing-vowels-in-even-counts/
1381,Design a Stack With Increment Operation,Medium,https://leetcode.com/problems/design-a-stack-with-increment-operation/
1389,Create Target Array in the Given Order,Easy,https://leetcode.com/problems/create-target-array-in-the-given-order/
1405,Longest Happy String,Medium,https://leetcode.com/problems/longest-happy-string/
1423,Maximum Points You Can Obtain from Cards,Medium,https://leetcode.com/problems/maximum-points-you-can-obtain-from-cards/
1431,Kids With the Greatest Number of Candies,Easy,https://leetcode.com/problems/kids-with-the-greatest-number-of-candies/
1438,Longest Continuous Subarray With Absolute Diff Less Than or Equal to Limit,Medium,https://leetcode.com/problems/longest-continuous-subarray-with-absolute-diff-less-than-or-equal-to-limit/
1470,Shuffle the Array,Easy,https://leetcode.com/problems/shuffle-the-array/
1480,Running Sum of 1d Array,Easy,https://leetcode.com/problems/running-sum-of-1d-array/
1492,The kth Factor of n,Medium,https://leetcode.com/problems/the-kth-factor-of-n/
1497,Check If Array Pairs Are Divisible by k,Medium,https://leetcode.com/problems/check-if-array-pairs-are-divisible-by-k/
1509,Minimum Difference Between Largest and Smallest Value in Three Moves,Medium,https://leetcode.com/problems/minimum-difference-between-largest-and-smallest-value-in-three-moves/
1512,Number of Good Pairs,Easy,https://leetcode.com/problems/number-of-good-pairs/
1518,Water Bottles,Easy,https://leetcode.com/problems/water-bottles/
1526,Minimum Number of Increments on Subarrays to Form a Target Array,Hard,https://leetcode.com/problems/minimum-number-of-increments-on-subarrays-to-form-a-target-array/
1539,Kth Missing Positive Number,Easy,https://leetcode.com/problems/kth-missing-positive-number/
1581,Customer Who Visited but Did Not Make Any Transactions,Easy,https://leetcode.com/problems/customer-who-visited-but-did-not-make-any-transactions/
1590,Make Sum Divisible by P,Medium,https://leetcode.com/problems/make-sum-divisible-by-p/
1593,Split a String Into the Max Number of Unique Substrings,Medium,https://leetcode.com/problems/split-a-string-into-the-max-number-of-unique-substrings/
1631,Path With Minimum Effort,Medium,https://leetcode.com/problems/path-with-minimum-effort/
1633,Percentage of Users Attended a Contest,Easy,https://leetcode.com/problems/percentage-of-users-attended-a-contest/
1642,Furthest Building You Can Reach,Medium,https://leetcode.com/problems/furthest-building-you-can-reach/
1650,Lowest Common Ancestor of a Binary Tree III,Medium,https://leetcode.com/problems/lowest-common-ancestor-of-a-binary-tree-iii/
1652,Defuse the Bomb,Medium,https://leetcode.com/problems/defuse-the-bomb/
1658,Minimum Operations to Reduce X to Zero,Medium,https://leetcode.com/problems/minimum-operations-to-reduce-x-to-zero/
1661,Average Time of Process per Machine,Easy,https://leetcode.com/problems/average-time-of-process-per-machine/
1667,Fix Names in a Table,Easy,https://leetcode.com/problems/fix-names-in-a-table/
1672,Richest Customer Wealth,Easy,https://leetcode.com/problems/richest-customer-wealth/
1684,Count the Number of Consistent Strings,Easy,https://leetcode.com/problems/count-the-number-of-consistent-strings/
1696,Jump Game VI,Medium,https://leetcode.com/problems/jump-game-vi/
1732,Find the Highest Altitude,Easy,https://leetcode.com/problems/find-the-highest-altitude/
1743,Restore the Array From Adjacent Pairs,Medium,https://leetcode.com/problems/restore-the-array-from-adjacent-pairs/
1752,Check if Array Is Sorted and Rotated,Easy,https://leetcode.com/problems/check-if-array-is-sorted-and-rotated/
1757,Recyclable and Low Fat Products,Easy,https://leetcode.com/problems/recyclable-and-low-fat-products/
1768,Merge Strings Alternately,Easy,https://leetcode.com/problems/merge-strings-alternately/
1813,Sentence Similarity III,Medium,https://leetcode.com/problems/sentence-similarity-iii/
1823,Find the Winner of the Circular Game,Medium,https://leetcode.com/problems/find-the-winner-of-the-circular-game/
1825,Finding MK Average,Hard,https://leetcode.com/problems/finding-mk-average/
1834,Single-Threaded CPU,Medium,https://leetcode.com/problems/single-threaded-cpu/
1838,Frequency of the Most Frequent Element,Medium,https://leetcode.com/problems/frequency-of-the-most-frequent-element/
1845,Seat Reservation Manager,Medium,https://leetcode.com/problems/seat-reservation-manager/
1851,Minimum Interval to Include Each Query,Hard,https://leetcode.com/problems/minimum-interval-to-include-each-query/
1861,Rotating the Box,Medium,https://leetcode.com/problems/rotating-the-box/
1903,Largest Odd Number in String,Easy,https://leetcode.com/problems/largest-odd-number-in-string/
1929,Concatenation of Array,Easy,https://leetcode.com/problems/concatenation-of-array/
1934,Confirmation Rate,Medium,https://leetcode.com/problems/confirmation-rate/
1942,The Number of the Smallest Unoccupied Chair,Medium,https://leetcode.com/problems/the-number-of-the-smallest-unoccupied-chair/
1963,Minimum Number of Swaps to Make the String Balanced,Medium,https://leetcode.com/problems/minimum-number-of-swaps-to-make-the-string-balanced/
1975,Maximum Matrix Sum,Medium,https://leetcode.com/problems/maximum-matrix-sum/
1976,Number of Ways to Arrive at Destination,Medium,https://leetcode.com/problems/number-of-ways-to-arrive-at-destination/
1978,Employees Whose Manager Left the Company,Easy,https://leetcode.com/problems/employees-whose-manager-left-the-company/
1984,Minimum Difference Between Highest and Lowest of K Scores,Easy,https://leetcode.com/problems/minimum-difference-between-highest-and-lowest-of-k-scores/
2006,Count Number of Pairs With Absolute Difference K,Easy,https://leetcode.com/problems/count-number-of-pairs-with-absolute-difference-k/
2007,Find Original Array From Doubled Array,Medium,https://leetcode.com/problems/find-original-array-from-doubled-array/
2018,Check if Word Can Be Placed In Crossword,Medium,https://leetcode.com/problems/check-if-word-can-be-placed-in-crossword/
2035,Partition Array Into Two Arrays to Minimize Sum Difference,Hard,https://leetcode.com/problems/partition-array-into-two-arrays-to-minimize-sum-difference/
2044,Count Number of Maximum Bitwise-OR Subsets,Medium,https://leetcode.com/problems/count-number-of-maximum-bitwise-or-subsets/
2050,Parallel Courses III,Hard,https://leetcode.com/problems/parallel-courses-iii/
2064,Minimized Maximum of Products Distributed to Any Store,Medium,https://leetcode.com/problems/minimized-maximum-of-products-distributed-to-any-store/
2070,Most Beautiful Item for Each Query,Medium,https://leetcode.com/problems/most-beautiful-item-for-each-query/
2101,Detonate the Maximum Bombs,Medium,https://leetcode.com/problems/detonate-the-maximum-bombs/
2109,Adding Spaces to a String,Medium,https://leetcode.com/problems/adding-spaces-to-a-string/
2115,Find All Possible Recipes from Given Supplies,Medium,https://leetcode.com/problems/find-all-possible-recipes-from-given-supplies/
2127,Maximum Employees to Be Invited to a Meeting,Hard,https://leetcode.com/problems/maximum-employees-to-be-invited-to-a-meeting/
2149,Rearrange Array Elements by Sign,Medium,https://leetcode.com/problems/rearrange-array-elements-by-sign/
2220,Minimum Bit Flips to Convert Number,Easy,https://leetcode.com/problems/minimum-bit-flips-to-convert-number/
2235,Add Two Integers,Easy,https://leetcode.com/problems/add-two-integers/
2239,Find Closest Number to Zero,Easy,https://leetcode.com/problems/find-closest-number-to-zero/
2257,Count Unguarded Cells in the Grid,Medium,https://leetcode.com/problems/count-unguarded-cells-in-the-grid/
2263,Make Array Non-decreasing or Non-increasing,Hard,https://leetcode.com/problems/make-array-non-decreasing-or-non-increasing/
2275,Largest Combination With Bitwise AND Greater Than Zero,Medium,https://leetcode.com/problems/largest-combination-with-bitwise-and-greater-than-zero/
2284,Sender With Largest Word Count,Medium,https://leetcode.com/problems/sender-with-largest-word-count/
2290,Minimum Obstacle Removal to Reach Corner,Hard,https://leetcode.com/problems/minimum-obstacle-removal-to-reach-corner/
2326,Spiral Matrix IV,Medium,https://leetcode.com/problems/spiral-matrix-iv/
2337,Move Pieces to Obtain a String,Medium,https://leetcode.com/problems/move-pieces-to-obtain-a-string/
2405,Optimal Partition of String,Medium,https://leetcode.com/problems/optimal-partition-of-string/
2406,Divide Intervals Into Minimum Number of Groups,Medium,https://leetcode.com/problems/divide-intervals-into-minimum-number-of-groups/
2407,Longest Increasing Subsequence II,Hard,https://leetcode.com/problems/longest-increasing-subsequence-ii/
2419,Longest Subarray With Maximum Bitwise AND,Medium,https://leetcode.com/problems/longest-subarray-with-maximum-bitwise-and/
2458,Height of Binary Tree After Subtree Removal Queries,Hard,https://leetcode.com/problems/height-of-binary-tree-after-subtree-removal-queries/
2461,Maximum Sum of Distinct Subarrays With Length K,Medium,https://leetcode.com/problems/maximum-sum-of-distinct-subarrays-with-length-k/
2463,Minimum Total Distance Traveled,Hard,https://leetcode.com/problems/minimum-total-distance-traveled/
2516,Take K of Each Character From Left and Right,Medium,https://leetcode.com/problems/take-k-of-each-character-from-left-and-right/
2530,Maximal Score After Applying K Operations,Medium,https://leetcode.com/problems/maximal-score-after-applying-k-operations/
2534,Time Taken to Cross the Door,Hard,https://leetcode.com/problems/time-taken-to-cross-the-door/
2563,Count the Number of Fair Pairs,Medium,https://leetcode.com/problems/count-the-number-of-fair-pairs/
2577,Minimum Time to Visit a Cell In a Grid,Hard,https://leetcode.com/problems/minimum-time-to-visit-a-cell-in-a-grid/
2601,Prime Subtraction Operation,Medium,https://leetcode.com/problems/prime-subtraction-operation/
2619,Array Prototype Last,Easy,https://leetcode.com/problems/array-prototype-last/
2620,Counter,Easy,https://leetcode.com/problems/counter/
2633,Convert Object to JSON String,Medium,https://leetcode.com/problems/convert-object-to-json-string/
2635,Apply Transform Over Each Element in Array,Easy,https://leetcode.com/problems/apply-transform-over-each-element-in-array/
2641,Cousins in Binary Tree II,Medium,https://leetcode.com/problems/cousins-in-binary-tree-ii/
2663,Lexicographically Smallest Beautiful String,Hard,https://leetcode.com/problems/lexicographically-smallest-beautiful-string/
2667,Create Hello World Function,Easy,https://leetcode.com/problems/create-hello-world-function/
2684,Maximum Number of Moves in a Grid,Medium,https://leetcode.com/problems/maximum-number-of-moves-in-a-grid/
2696,Minimum String Length After Removing Substrings,Easy,https://leetcode.com/problems/minimum-string-length-after-removing-substrings/
2703,Return Length of Arguments Passed,Easy,https://leetcode.com/problems/return-length-of-arguments-passed/
2704,To Be Or Not To Be,Easy,https://leetcode.com/problems/to-be-or-not-to-be/
2707,Extra Characters in a String,Medium,https://leetcode.com/problems/extra-characters-in-a-string/
2812,Find the Safest Path in a Grid,Medium,https://leetcode.com/problems/find-the-safest-path-in-a-grid/
2877,Create a DataFrame from List,Easy,https://leetcode.com/problems/create-a-dataframe-from-list/
2914,Minimum Number of Changes to Make Binary String Beautiful,Medium,https://leetcode.com/problems/minimum-number-of-changes-to-make-binary-string-beautiful/
2938,Separate Black and White Balls,Medium,https://leetcode.com/problems/separate-black-and-white-balls/
2965,Find Missing and Repeated Values,Easy,https://leetcode.com/problems/find-missing-and-repeated-values/
2985,Calculate Compressed Mean,Easy,https://leetcode.com/problems/calculate-compressed-mean/
2987,Find Expensive Cities,Easy,https://leetcode.com/problems/find-expensive-cities/
2989,Class Performance,Medium,https://leetcode.com/problems/class-performance/
2990,Loan Types,Easy,https://leetcode.com/problems/loan-types/
2991,Top Three Wineries,Hard,https://leetcode.com/problems/top-three-wineries/
2995,Viewers Turned Streamers,Hard,https://leetcode.com/problems/viewers-turned-streamers/
3008,Find Beautiful Indices in the Given Array II,Hard,https://leetcode.com/problems/find-beautiful-indices-in-the-given-array-ii/
3020,Find the Maximum Number of Elements in Subset,Medium,https://leetcode.com/problems/find-the-maximum-number-of-elements-in-subset/
3024,Type of Triangle,Easy,https://leetcode.com/problems/type-of-triangle/
3028,Ant on the Boundary,Easy,https://leetcode.com/problems/ant-on-the-boundary/
3043,Find the Length of the Longest Common Prefix,Medium,https://leetcode.com/problems/find-the-length-of-the-longest-common-prefix/
3097,Shortest Subarray With OR at Least K II,Medium,https://leetcode.com/problems/shortest-subarray-with-or-at-least-k-ii/
3110,Score of a String,Easy,https://leetcode.com/problems/score-of-a-string/
3133,Minimum Array End,Medium,https://leetcode.com/problems/minimum-array-end/
3163,String Compression III,Medium,https://leetcode.com/problems/string-compression-iii/
3208,Alternating Groups II,Medium,https://leetcode.com/problems/alternating-groups-ii/
3254,Find the Power of K-Size Subarrays I,Medium,https://leetcode.com/problems/find-the-power-of-k-size-subarrays-i/
3283,Maximum Number of Moves to Kill All Pawns,Hard,https://leetcode.com/problems/maximum-number-of-moves-to-kill-all-pawns/
3286,Find a Safe Walk Through a Grid,Medium,https://leetcode.com/problems/find-a-safe-walk-through-a-grid/
3287,Find the Maximum Sequence Value of Array,Hard,https://leetcode.com/problems/find-the-maximum-sequence-value-of-array/
3318,Find X-Sum of All K-Long Subarrays I,Easy,https://leetcode.com/problems/find-x-sum-of-all-k-long-subarrays-i/
3319,K-th Largest Perfect Subtree Size in Binary Tree,Medium,https://leetcode.com/problems/k-th-largest-perfect-subtree-size-in-binary-tree/
3325,Count Substrings With K-Frequency Characters I,Medium,https://leetcode.com/problems/count-substrings-with-k-frequency-characters-i/
3326,Minimum Division Operations to Make Array Non Decreasing,Medium,https://leetcode.com/problems/minimum-division-operations-to-make-array-non-decreasing/
3327,Check if DFS Strings Are Palindromes,Hard,https://leetcode.com/problems/check-if-dfs-strings-are-palindromes/
3346,Maximum Frequency of an Element After Performing Operations I,Medium,https://leetcode.com/problems/maximum-frequency-of-an-element-after-performing-operations-i/
3347,Maximum Frequency of an Element After Performing Operations II,Hard,https://leetcode.com/problems/maximum-frequency-of-an-element-after-performing-operations-ii/
3349,Adjacent Increasing Subarrays Detection I,Easy,https://leetcode.com/problems/adjacent-increasing-subarrays-detection-i/
3350,Adjacent Increasing Subarrays Detection II,Medium,https://leetcode.com/problems/adjacent-increasing-subarrays-detection-ii/
3351,Sum of Good Subsequences,Hard,https://leetcode.com/problems/sum-of-good-subsequences/
3355,Zero Array Transformation I,Medium,https://leetcode.com/problems/zero-array-transformation-i/
3356,Zero Array Transformation II,Medium,https://leetcode.com/problems/zero-array-transformation-ii/
3362,Zero Array Transformation III,Medium,https://leetcode.com/problems/zero-array-transformation-iii/
3371,Identify the Largest Outlier in an Array,Medium,https://leetcode.com/problems/identify-the-largest-outlier-in-an-array/
10026,Logger Rate Limiter,Easy,https://leetcode.com/problems/logger-rate-limiter/
